<?xml version="1.0"?>
<VLDocking version="2.1">
<DockingDesktop name="">
<DockingPanel x="0" y="0" width="929" height="840">
<Split orientation="1" location="0.5450500556173526">
<Split orientation="0" location="0.5463483146067416">
<Dockable>
<Key dockName="EDITOR"/>
</Dockable>
<Dockable>
<Key dockName="MATCHES"/>
</Dockable>
</Split>
<Split orientation="0" location="0.6573033707865169">
<Split orientation="0" location="0.5387931034482759">
<Dockable>
<Key dockName="GLOSSARY"/>
</Dockable>
<Dockable>
<Key dockName="MULTIPLE_TRANS"/>
</Dockable>
</Split>
<Dockable>
<Key dockName="SEGMENTPROPERTIES"/>
</Dockable>
</Split>
</Split>
</DockingPanel>
<Border zone="2">
<Dockable>
<Key dockName="DICTIONARY"/>
<RelativePosition x="0.6000000238418579" y="0.699999988079071" w="0.4000000059604645" h="0.30000001192092896" />
</Dockable>
<Dockable>
<Key dockName="MACHINE_TRANSLATE"/>
<RelativePosition x="0.6000000238418579" y="0.699999988079071" w="0.4000000059604645" h="0.30000001192092896" />
</Dockable>
<Dockable>
<Key dockName="NOTES"/>
<RelativePosition x="0.6784968972206116" y="0.005359056871384382" w="0.15657620131969452" h="0.6012861728668213" />
</Dockable>
<Dockable>
<Key dockName="COMMENTS"/>
<RelativePosition x="0.6784968972206116" y="0.610932469367981" w="0.3162839114665985" h="0.17470525205135345" />
</Dockable>
</Border>
<TabGroups>
</TabGroups>
</DockingDesktop>
</VLDocking>
